X,Y,DN,C_2019,Class,C_Class,Zone,C_Zone,Region,C_Region,Departemen,Commune,UH,Area,Point,Point_cont,x,y,Xd,Yd,icon_url
3.808478,14.016565,"5455","5",DRN,"8",Sahelienne,"1",Dosso,"1",Dogondoutchi,Matankari,"115",260596.435288000007858,"1","1","-61279","155573",3.808478000000000,14.016565000000000,./0.png
3.807946,14.014224,"4455","5",NRN,"17",Sahelienne,"1",Dosso,"1",Dogondoutchi,Matankari,"115",10308.516187200000786,"2","2","-61342","155547",3.807946000000000,14.014224000000000,./0.png
3.386226,11.885827,"2332","2",RND,"22",Soudanienne,"3",Dosso,"1",Gaya,Gaya,"132",9344.417276129999664,"1","3","-11226","132012",3.386226000000000,11.885827000000001,./0.png
3.391619,11.883724,"5443","3",DND,"4",Soudanienne,"3",Dosso,"1",Gaya,Gaya,"133",0.127669132050000,"1","4","-11168","131987",3.391619000000000,11.883724000000001,./0.png
2.896206,12.686448,"5444","4",DNN,"5",Soudanienne,"3",Dosso,"1",Falmey,Guilladje,"134",379619.869757000007667,"1","5","-16386","141024",2.896206000000000,12.686448000000000,./0.png
3.18531,12.780154,"5544","4",NDN,"11",Soudanienne,"3",Dosso,"1",Dosso,Farey,"134",281744.221725000010338,"2","6","-13208","141993",3.185310000000000,12.780154000000000,./0.png
2.892367,12.491801,"5555","5",NNN,"14",Soudanienne,"3",Dosso,"1",Falmey,Guilladje,"135",7140103.323280000127852,"1","7","-16479","138862",2.892367000000000,12.491801000000001,./0.png
2.934075,12.354911,"5555","5",NNN,"14",Soudanienne,"3",Dosso,"1",Falmey,Falmey,"135",6664837.986809999682009,"2","8","-16058","137330",2.934075000000000,12.354911000000000,./0.png
2.78902,12.745166,"5556","6",NNR,"15",Soudanienne,"3",Dosso,"1",Falmey,Falmey,"136",17343528.336500000208616,"1","9","-17541","141705",2.789020000000000,12.745165999999999,./0.png
3.657092,12.780035,"5556","6",NNR,"15",Soudanienne,"3",Dosso,"1",Dioundiou,Karakara,"136",8918042.663140000775456,"2","10","-80663","141881",3.657092000000000,12.780035000000000,./0.png
3.132586,12.610667,"7777","7",NNN,"14",Soudanienne,"3",Dosso,"1",Dosso,Golle,"137",154531393.326999992132187,"1","11","-13826","140123",3.132586000000000,12.610666999999999,./0.png
3.576558,12.003168,"7777","7",NNN,"14",Soudanienne,"3",Dosso,"1",Gaya,Bengou,"137",98836000.331599995493889,"2","12","-91196","133273",3.576558000000000,12.003168000000001,./0.png
4.215661,13.844287,"5422","2",DDN,"2",Soudano_Sahelienne,"4",Dosso,"1",Dogondoutchi,Dan-Kassari,"142",70048.333931200002553,"1","13","-17547","153568",4.215661000000000,13.844287000000000,./0.png
4.531764,13.779136,"4322","2",DDN,"2",Soudano_Sahelienne,"4",Dosso,"1",Dogondoutchi,Dan-Kassari,"142",70008.343019799998729,"2","14","16577","152779",4.531764000000000,13.779135999999999,./0.png
4.039675,13.832231,"3333","3",NNN,"14",Soudano_Sahelienne,"4",Dosso,"1",Dogondoutchi,Matankari,"143",1099219.265480000060052,"1","15","-36654","153473",4.039675000000000,13.832231000000000,./0.png
4.034252,13.844964,"3333","3",NNN,"14",Soudano_Sahelienne,"4",Dosso,"1",Dogondoutchi,Matankari,"143",747972.361296999966726,"2","16","-37212","153616",4.034252000000001,13.844963999999999,./0.png
4.478995,13.854777,"4444","4",NNN,"14",Soudano_Sahelienne,"4",Dosso,"1",Dogondoutchi,Dan-Kassari,"144",15432565.759299999102950,"1","17","11016","153629",4.478995000000001,13.854777000000000,./0.png
3.201541,13.055236,"4444","4",NNN,"14",Soudano_Sahelienne,"4",Dosso,"1",Dosso,Dosso,"144",8311987.293220000341535,"2","18","-12962","145045",3.201541000000000,13.055236000000001,./0.png
2.937551,13.520984,"5555","5",NNN,"14",Soudano_Sahelienne,"4",Dosso,"1",Boboye,Koygolo,"145",136283464.152000010013580,"1","19","-15712","150290",2.937551000000000,13.520984000000000,./0.png
2.782482,13.249793,"5555","5",NNN,"14",Soudano_Sahelienne,"4",Dosso,"1",Boboye,N'Gonga,"145",78022457.242300003767014,"2","20","-17474","147317",2.782482000000000,13.249793000000000,./0.png
3.689232,13.34077,"5556","6",NNR,"15",Soudano_Sahelienne,"4",Dosso,"1",Dosso,Tombokoirey II,"146",448048073.228999972343445,"1","21","-75853","148099",3.689232000000000,13.340769999999999,./0.png
3.935177,13.205417,"5556","6",NNR,"15",Soudano_Sahelienne,"4",Dosso,"1",Tibiri,Kore Mairoua,"146",63519693.780400007963181,"2","22","-49427","146541",3.935177000000000,13.205417000000001,./0.png
3.892402,13.406096,"5557","7",NNR,"15",Soudano_Sahelienne,"4",Dosso,"1",Tibiri,Kore Mairoua,"147",24513134.254299998283386,"1","23","-53620","148777",3.892402000000000,13.406096000000000,./0.png
3.903049,12.921019,"5567","7",NRR,"18",Soudano_Sahelienne,"4",Dosso,"1",Tibiri,Guecheme,"147",21008333.483100000768900,"2","24","-53556","143391",3.903049000000000,12.921018999999999,./0.png
8.472193,13.933568,"4332","2",DND,"4",Sahelienne,"1",Maradi,"2",Tessaoua,Ourafane,"212",69565.520848200001637,"1","25","442985","154044",8.472193000000003,13.933567999999999,./0.png
8.233524,14.189561,"4343","3",DRD,"7",Sahelienne,"1",Maradi,"2",Tessaoua,Ourafane,"213",7455676.697730000130832,"1","26","417294","156882",8.233523999999999,14.189560999999999,./0.png
8.263411,14.167869,"4343","3",DRD,"7",Sahelienne,"1",Maradi,"2",Tessaoua,Ourafane,"213",7417450.678919999860227,"2","27","420511","156641",8.263411000000000,14.167869000000000,./0.png
6.862152,14.287948,"4444","4",NNN,"14",Sahelienne,"1",Maradi,"2",Dakoro,Adjekoria,"214",231699540.791000008583069,"1","28","269375","158063",6.862152000000000,14.287948000000000,./0.png
8.439322,13.897873,"4444","4",NNN,"14",Sahelienne,"1",Maradi,"2",Tessaoua,Ourafane,"214",139312229.574999988079071,"2","29","439424","153650",8.439322000000002,13.897873000000001,./0.png
7.501322,14.130669,"4445","5",NNR,"15",Sahelienne,"1",Maradi,"2",Mayahi,Attantane,"215",523613320.406000018119812,"1","30","338232","156269",7.501322000000000,14.130668999999999,./0.png
6.687653,14.451684,"4455","5",NRN,"17",Sahelienne,"1",Maradi,"2",Dakoro,Birni Lalle,"215",138850579.814999997615814,"2","31","250724","159893",6.687653000000000,14.451684000000000,./0.png
7.158855,13.817744,"4456","6",NRR,"18",Sahelienne,"1",Maradi,"2",Dakoro,Maiyara,"216",31184119.069800000637770,"1","32","300987","152833",7.158855000000000,13.817743999999999,./0.png
7.250073,13.911051,"5456","6",DRR,"9",Sahelienne,"1",Maradi,"2",Dakoro,Maiyara,"216",22925163.719900000840425,"2","33","310925","153858",7.250073000000000,13.911051000000000,./0.png
7.287773,13.941608,"4457","7",NRR,"18",Sahelienne,"1",Maradi,"2",Mayahi,Attantane,"217",2520425.721929999999702,"1","34","315024","154193",7.287773000000000,13.941608000000000,./0.png
7.213153,13.940203,"5457","7",DRR,"9",Sahelienne,"1",Maradi,"2",Dakoro,Maiyara,"217",1435890.671730000060052,"2","35","306959","154183",7.213153000000000,13.940203000000000,./0.png
7.256042,15.331902,"4441","1",NND,"13",Sahelo_Saharienne,"2",Maradi,"2",Bermo,Gadabedji,"221",138378.199888000002829,"1","36","312779","169579",7.256042000000000,15.331901999999999,./0.png
7.256041,15.328282,"3441","1",RND,"22",Sahelo_Saharienne,"2",Maradi,"2",Bermo,Gadabedji,"221",69190.235474800007069,"2","37","312776","169538",7.256041000000000,15.328282000000000,./0.png
7.258455,15.330695,"4442","2",NND,"13",Sahelo_Saharienne,"2",Maradi,"2",Bermo,Gadabedji,"222",207567.970762000011746,"1","38","313037","169565",7.258455000000000,15.330695000000000,./0.png
7.251538,15.330331,"3332","2",NND,"13",Sahelo_Saharienne,"2",Maradi,"2",Bermo,Gadabedji,"222",76297.620343400005368,"2","39","312294","169562",7.251538000000000,15.330330999999999,./0.png
6.770039,15.355702,"3343","3",NRD,"16",Sahelo_Saharienne,"2",Maradi,"2",Bermo,Gadabedji,"223",22358965.870099999010563,"1","40","260611","169890",6.770039000000000,15.355702000000001,./0.png
7.12474,15.213053,"3343","3",NRD,"16",Sahelo_Saharienne,"2",Maradi,"2",Bermo,Gadabedji,"223",21930638.842700000852346,"2","41","298565","168275",7.124740000000000,15.213053000000000,./0.png
7.366296,14.55637,"4444","4",NNN,"14",Sahelo_Saharienne,"2",Maradi,"2",Dakoro,Tagriss,"224",215036291.048000007867813,"1","42","323987","160989",7.366296000000000,14.556369999999999,./0.png
7.061083,15.278362,"3344","4",NRN,"17",Sahelo_Saharienne,"2",Maradi,"2",Bermo,Gadabedji,"224",197725234.999000012874603,"2","43","291790","169004",7.061083000000000,15.278362000000000,./0.png
7.178697,14.635054,"4445","5",NNR,"15",Sahelo_Saharienne,"2",Maradi,"2",Dakoro,Bader Goula,"225",71125712.324399992823601,"1","44","303839","161875",7.178697000000000,14.635054000000000,./0.png
7.028983,14.728371,"4455","5",NRN,"17",Sahelo_Saharienne,"2",Maradi,"2",Dakoro,Roumbou I,"225",36924683.171099998056889,"2","45","287799","162921",7.028983000000000,14.728370999999999,./0.png
7.854465,14.367908,"4446","6",NNR,"15",Sahelo_Saharienne,"2",Maradi,"2",Mayahi,El Allassane Maireyrey,"226",69456.635383600005298,"1","46","376485","158872",7.854465000000000,14.367908000000000,./0.png
7.143432,13.312728,"1111","1",NNN,"14",Soudano_Sahelienne,"4",Maradi,"2",Madarounfa,Madarounfa,"241",287803.102807999996003,"1","47","298895","147247",7.143432000000000,13.312728000000000,./0.png
7.153489,13.306188,"1111","1",NNN,"14",Soudano_Sahelienne,"4",Maradi,"2",Madarounfa,Madarounfa,"241",139618.180649999994785,"2","48","299979","147173",7.153489000000000,13.306188000000001,./0.png
7.139011,13.311014,"1112","2",NNR,"15",Soudano_Sahelienne,"4",Maradi,"2",Madarounfa,Madarounfa,"242",139617.640195000014501,"1","49","298414","147228",7.139011000000000,13.311014000000000,./0.png
7.147456,13.306188,"2122","2",DRN,"8",Soudano_Sahelienne,"4",Maradi,"2",Madarounfa,Madarounfa,"242",69809.542686300002970,"2","50","299325","147174",7.147456000000000,13.306188000000001,./0.png
6.574344,13.85032,"3333","3",NNN,"14",Soudano_Sahelienne,"4",Maradi,"2",Dakoro,Dan-Goulbi,"243",1603161.875950000248849,"1","51","237813","153250",6.574344000000000,13.850320000000000,./0.png
6.53189,13.738115,"3333","3",NNN,"14",Soudano_Sahelienne,"4",Maradi,"2",Guidan Roumdji,Guidan Roumdji,"243",1077088.817499999888241,"2","52","233094","152012",6.531890000000000,13.738115000000001,./0.png
8.204086,13.522152,"4444","4",NNN,"14",Soudano_Sahelienne,"4",Maradi,"2",Tessaoua,Korgom,"244",4931652.747659999877214,"1","53","413872","149502",8.204086000000000,13.522152000000000,./0.png
7.796555,13.501641,"4344","4",DRN,"8",Soudano_Sahelienne,"4",Maradi,"2",Aguie,Aguie,"244",4422289.624560000374913,"2","54","369755","149293",7.796555000000000,13.501640999999999,./0.png
6.949749,13.640577,"5455","5",DRN,"8",Soudano_Sahelienne,"4",Maradi,"2",Guidan Roumdji,Guidan Roumdji,"245",47881481.491700001060963,"1","55","278210","150891",6.949749000000000,13.640577000000000,./0.png
7.357316,13.547488,"4555","5",RNN,"23",Soudano_Sahelienne,"4",Maradi,"2",Guidan Roumdji,Sae Saboua,"245",38038254.112499997019768,"2","56","322242","149827",7.357316000000000,13.547488000000000,./0.png
7.493528,13.55434,"5556","6",NNR,"15",Soudano_Sahelienne,"4",Maradi,"2",Aguie,Tchadoua,"246",44717008.331299997866154,"1","57","336990","149894",7.493528000000000,13.554340000000000,./0.png
6.825013,13.785934,"4456","6",NRR,"18",Soudano_Sahelienne,"4",Maradi,"2",Guidan Roumdji,Chadakori,"246",36187454.968699999153614,"2","58","264855","152511",6.825013000000000,13.785933999999999,./0.png
6.683895,13.482496,"5557","7",NNR,"15",Soudano_Sahelienne,"4",Maradi,"2",Guidan Roumdji,Tibiri,"247",15340874.354800000786781,"1","59","249271","149167",6.683895000000000,13.482495999999999,./0.png
6.737091,13.475887,"5557","7",NNR,"15",Soudano_Sahelienne,"4",Maradi,"2",Guidan Roumdji,Tibiri,"247",14180728.682800000533462,"2","60","255026","149089",6.737091000000000,13.475887000000000,./0.png
4.616356,14.238679,"1111","1",NNN,"14",Sahelienne,"1",Tahoua,"3",Bagaroua,Bagaroua,"311",2226328.640500000212342,"1","61","26691","157858",4.616356000000000,14.238678999999999,./0.png
4.75958,14.611905,"1111","1",NNN,"14",Sahelienne,"1",Tahoua,"3",Tahoua,Bambeye,"311",1185158.785920000169426,"2","62","42945","161967",4.759580000000000,14.611905000000000,./0.png
4.5012,14.403098,"3222","2",DNN,"5",Sahelienne,"1",Tahoua,"3",Bagaroua,Bagaroua,"312",837903.975351999979466,"1","63","14590","159705",4.501200000000000,14.403098000000000,./0.png
4.828354,14.412969,"2222","2",NNN,"14",Sahelienne,"1",Tahoua,"3",Bagaroua,Bagaroua,"312",495165.600070999993477,"2","64","49966","159748",4.828354000000000,14.412969000000000,./0.png
4.816574,14.829657,"3333","3",NNN,"14",Sahelienne,"1",Tahoua,"3",Tahoua,Bambeye,"313",56534805.003600001335144,"1","65","49546","164370",4.816574000000000,14.829656999999999,./0.png
4.459488,14.482239,"3333","3",NNN,"14",Sahelienne,"1",Tahoua,"3",Bagaroua,Bagaroua,"313",53761346.653099998831749,"2","66","10255","160592",4.459488000000001,14.482239000000000,./0.png
6.392553,14.906458,"4444","4",NNN,"14",Sahelienne,"1",Tahoua,"3",Abalak,Azeye,"314",130126950.017000004649162,"1","67","219474","164962",6.392553000000000,14.906458000000001,./0.png
6.363204,14.457762,"4444","4",NNN,"14",Sahelienne,"1",Tahoua,"3",Bouza,Babankatami,"314",80848776.527300000190735,"2","68","215735","159998",6.363204000000000,14.457762000000001,./0.png
6.438942,14.284246,"4455","5",NRN,"17",Sahelienne,"1",Tahoua,"3",Madaoua,Ourno,"315",44382810.879799999296665,"1","69","223691","158068",6.438942000000000,14.284246000000000,./0.png
4.817086,14.534351,"4445","5",NNR,"15",Sahelienne,"1",Tahoua,"3",Tahoua,Bambeye,"315",34326247.632600001990795,"2","70","48994","161096",4.817086000000000,14.534350999999999,./0.png
6.115964,14.355843,"4456","6",NRR,"18",Sahelienne,"1",Tahoua,"3",Bouza,Karofane,"316",3162891.823559999931604,"1","71","188920","158902",6.115964000000000,14.355843000000000,./0.png
4.982319,14.436395,"4446","6",NNR,"15",Sahelienne,"1",Tahoua,"3",Illela,Illela,"316",2279278.453970000147820,"2","72","66646","159978",4.982319000000000,14.436394999999999,./0.png
5.917461,14.784206,"6757","7",RDR,"21",Sahelienne,"1",Tahoua,"3",Keita,Ibohamane,"317",1275694.012050000019372,"1","73","168134","163673",5.917461000000000,14.784205999999999,./0.png
5.717168,14.736381,"5777","7",RNN,"23",Sahelienne,"1",Tahoua,"3",Keita,Tamaske,"317",1121990.582600000081584,"2","74","146473","163174",5.717168000000000,14.736381000000000,./0.png
5.045768,15.386194,"3441","1",RND,"22",Sahelo_Saharienne,"2",Tahoua,"3",Tahoua,Affala,"321",277682.755660000024363,"1","75","75371","170493",5.045768000000000,15.386194000000000,./0.png
4.047958,15.765035,"2311","1",RDN,"20",Sahelo_Saharienne,"2",Tahoua,"3",Tillia,Tillia,"321",138939.781496000010520,"2","76","-31009","174919",4.047958000000001,15.765034999999999,./0.png
4.82001,15.562288,"2222","2",NNN,"14",Sahelo_Saharienne,"2",Tahoua,"3",Tillia,Tillia,"322",3773300.294400000013411,"1","77","51473","172491",4.820010000000000,15.562288000000001,./0.png
4.748922,15.123177,"2222","2",NNN,"14",Sahelo_Saharienne,"2",Tahoua,"3",Tahoua,Takanamat,"322",3331146.539280000142753,"2","78","42875","167638",4.748922000000000,15.123177000000000,./0.png
4.330869,15.523639,"3333","3",NNN,"14",Sahelo_Saharienne,"2",Tahoua,"3",Tillia,Tillia,"323",181932271.283999979496002,"1","79","-1203","172171",4.330869000000000,15.523638999999999,./0.png
6.499469,15.556961,"3333","3",NNN,"14",Sahelo_Saharienne,"2",Tahoua,"3",Abalak,Abalak,"323",180362436.946999996900558,"2","80","231809","172150",6.499469000000000,15.556960999999999,./0.png
6.153855,15.25721,"4344","4",DRN,"8",Sahelo_Saharienne,"2",Tahoua,"3",Abalak,Akoubounou,"324",133925806.067000001668930,"1","81","194278","168877",6.153855000000000,15.257210000000001,./0.png
5.795122,15.248695,"4444","4",NNN,"14",Sahelo_Saharienne,"2",Tahoua,"3",Abalak,Tabalak,"324",37845924.482199996709824,"2","82","155697","168836",5.795122000000000,15.248695000000000,./0.png
4.585103,14.972169,"3445","5",RNR,"24",Sahelo_Saharienne,"2",Tahoua,"3",Tahoua,Tebaram,"325",5868669.799300000071526,"1","83","24894","165998",4.585103000000000,14.972168999999999,./0.png
5.640299,15.304152,"4445","5",NNR,"15",Sahelo_Saharienne,"2",Tahoua,"3",Tchintabaraden,Kao,"325",4852570.523689999245107,"2","84","139143","169476",5.640299000000000,15.304152000000000,./0.png
5.145394,15.234418,"2446","6",RNR,"24",Sahelo_Saharienne,"2",Tahoua,"3",Tahoua,Affala,"326",601463.161895000026561,"1","85","85785","168791",5.145394000000000,15.234418000000000,./0.png
4.784325,15.624679,"5676","6",RRD,"25",Sahelo_Saharienne,"2",Tahoua,"3",Tillia,Tillia,"326",416302.132365999976173,"2","86","47775","173190",4.784325000000000,15.624679000000000,./0.png
5.407243,15.613007,"7777","7",NNN,"14",Sahelo_Saharienne,"2",Tahoua,"3",Tchintabaraden,Kao,"327",876895.584174999967217,"1","87","114657","172938",5.407243000000000,15.613007000000000,./0.png
5.515092,15.242621,"4567","7",RRR,"27",Sahelo_Saharienne,"2",Tahoua,"3",Tahoua,Barmou,"327",693581.940673999954015,"2","88","125572","168815",5.515092000000000,15.242621000000000,./0.png
6.076104,13.806837,"6111","1",DNN,"5",Soudano_Sahelienne,"4",Tahoua,"3",Madaoua,Bangui,"341",272670.792887000017799,"1","89","183862","152829",6.076104000000000,13.806837000000000,./0.png
6.070067,13.803266,"3111","1",DNN,"5",Soudano_Sahelienne,"4",Tahoua,"3",Madaoua,Bangui,"341",209312.140208999975584,"2","90","183204","152790",6.070067000000000,13.803266000000001,./0.png
4.894921,13.812918,"3332","2",NND,"13",Soudano_Sahelienne,"4",Tahoua,"3",Birni N'Konni,Allela,"342",139870.945615000004182,"1","91","55994","153083",4.894921000000000,13.812918000000000,./0.png
4.652414,13.810505,"3332","2",NND,"13",Soudano_Sahelienne,"4",Tahoua,"3",Birni N'Konni,Allela,"342",69977.505027000006521,"2","92","29716","153103",4.652414000000000,13.810504999999999,./0.png
4.873626,13.832353,"3333","3",NNN,"14",Soudano_Sahelienne,"4",Tahoua,"3",Birni N'Konni,Allela,"343",56272701.931800000369549,"1","93","53724","153303",4.873626000000000,13.832352999999999,./0.png
4.942358,13.810505,"3333","3",NNN,"14",Soudano_Sahelienne,"4",Tahoua,"3",Birni N'Konni,Allela,"343",10769022.664599999785423,"2","94","61128","153048",4.942358000000000,13.810504999999999,./0.png
4.638657,13.825058,"4444","4",NNN,"14",Soudano_Sahelienne,"4",Tahoua,"3",Birni N'Konni,Allela,"344",24788069.209600001573563,"1","95","28255","153267",4.638657000000000,13.825058000000000,./0.png
5.1107,13.97097,"4444","4",NNN,"14",Soudano_Sahelienne,"4",Tahoua,"3",Birni N'Konni,Birni N'Konni,"344",13978529.714700000360608,"2","96","79652","154796",5.110700000000000,13.970969999999999,./0.png
6.094749,13.71333,"5455","5",DRN,"8",Soudano_Sahelienne,"4",Tahoua,"3",Madaoua,Bangui,"345",49412545.365500003099442,"1","97","185754","151791",6.094749000000000,13.713329999999999,./0.png
5.230908,14.194904,"4455","5",NRN,"17",Soudano_Sahelienne,"4",Tahoua,"3",Illela,Tajae,"345",36039503.209600001573563,"2","98","93058","157256",5.230908000000000,14.194903999999999,./0.png
6.182113,13.804221,"5456","6",DRR,"9",Soudano_Sahelienne,"4",Tahoua,"3",Madaoua,Bangui,"346",16480298.508899999782443,"1","99","195329","152786",6.182113000000000,13.804221000000000,./0.png
5.27198,13.824712,"7766","6",NDN,"11",Soudano_Sahelienne,"4",Tahoua,"3",Birni N'Konni,Birni N'Konni,"346",6355307.818289999850094,"2","100","96851","153147",5.271980000000000,13.824712000000000,./0.png
5.600163,13.959619,"7777","7",NNN,"14",Soudano_Sahelienne,"4",Tahoua,"3",Malbaza,Doguerawa,"347",6879686.808910000137985,"1","101","132593","154589",5.600163000000000,13.959619000000000,./0.png
5.100334,13.797366,"7777","7",NNN,"14",Soudano_Sahelienne,"4",Tahoua,"3",Birni N'Konni,Bazaga,"347",2436227.822089999914169,"2","102","78215","152874",5.100334000000000,13.797366000000000,./0.png
9.36621,13.499228,"7451","1",DRD,"7",Sahelienne,"1",Zinder,"4",Magaria,Wacha,"411",139376.395852999994531,"1","103","539632","149237",9.366210000000001,13.499228000000000,./0.png
9.373449,13.504054,"3211","1",DDN,"2",Sahelienne,"1",Zinder,"4",Magaria,Wacha,"411",139373.877547000010964,"2","104","540414","149290",9.373449000000001,13.504054000000000,./0.png
9.371036,13.501641,"7442","2",DND,"4",Sahelienne,"1",Zinder,"4",Magaria,Wacha,"412",139375.113962000003085,"1","105","540154","149264",9.371036000000000,13.501640999999999,./0.png
9.36621,13.501641,"7452","2",DRD,"7",Sahelienne,"1",Zinder,"4",Magaria,Wacha,"412",139374.996198999986518,"2","106","539631","149264",9.366210000000001,13.501640999999999,./0.png
9.336886,14.070348,"3333","3",NNN,"14",Sahelienne,"1",Zinder,"4",Damagaram Takaya,Damagaram Takaya,"413",3072305.369890000205487,"1","107","536370","155553",9.336886000000000,14.070347999999999,./0.png
8.657199,14.019089,"3333","3",NNN,"14",Sahelienne,"1",Zinder,"4",Takeita,Tirmini,"413",2991953.277799999807030,"2","108","462984","154986",8.657199000000000,14.019088999999999,./0.png
9.585882,13.907442,"4444","4",NNN,"14",Sahelienne,"1",Zinder,"4",Damagaram Takaya,Damagaram Takaya,"414",1043332277.120000123977661,"1","109","563296","153756",9.585882000000000,13.907442000000000,./0.png
10.497895,13.590519,"4444","4",NNN,"14",Sahelienne,"1",Zinder,"4",Goure,Boune,"414",343363534.990999996662140,"2","110","662058","150293",10.497895000000000,13.590519000000000,./0.png
10.099545,13.702203,"4445","5",NNR,"15",Sahelienne,"1",Zinder,"4",Goure,Goure,"415",148036671.777999997138977,"1","111","618899","151506",10.099545000000001,13.702203000000001,./0.png
9.293482,13.849734,"4455","5",NRN,"17",Sahelienne,"1",Zinder,"4",Mirriah,Zermou,"415",96638856.504299998283386,"2","112","531714","153112",9.293481999999999,13.849734000000000,./0.png
9.318902,13.593286,"4446","6",NNR,"15",Sahelienne,"1",Zinder,"4",Mirriah,Mirriah,"416",22188499.786600001156330,"1","113","534498","150276",9.318902000000000,13.593286000000001,./0.png
9.264865,13.55461,"5456","6",DRR,"9",Sahelienne,"1",Zinder,"4",Magaria,Wacha,"416",14600232.369000000879169,"2","114","528657","149848",9.264865000000000,13.554610000000000,./0.png
9.719393,13.483302,"7677","7",DRN,"8",Sahelienne,"1",Zinder,"4",Goure,Guidiguir,"417",2091013.926459999987856,"1","115","577860","149069",9.719393000000000,13.483302000000000,./0.png
9.522483,13.694046,"7777","7",NNN,"14",Sahelienne,"1",Zinder,"4",Damagaram Takaya,Guidimouni,"417",1323067.708959999959916,"2","116","556498","151395",9.522482999999999,13.694046000000000,./0.png
8.721939,14.8119,"4321","1",DDD,"1",Sahelo_Saharienne,"2",Zinder,"4",Tanout,Tanout,"421",138591.115602000005310,"1","117","470080","163754",8.721939000000003,14.811900000000000,./0.png
9.736605,14.102478,"7521","1",DDD,"1",Sahelo_Saharienne,"2",Zinder,"4",Damagaram Takaya,Moa,"421",69520.912775699995109,"2","118","579513","155918",9.736605000000001,14.102478000000000,./0.png
9.944783,14.40169,"2232","2",NRD,"16",Sahelo_Saharienne,"2",Zinder,"4",Goure,Kelle,"422",1465819.241099999984726,"1","119","601852","159236",9.944782999999999,14.401690000000000,./0.png
9.934779,14.412549,"2232","2",NRD,"16",Sahelo_Saharienne,"2",Zinder,"4",Goure,Kelle,"422",442735.141477000026498,"2","120","600769","159355",9.934779000000001,14.412549000000000,./0.png
8.684683,14.901433,"3333","3",NNN,"14",Sahelo_Saharienne,"2",Zinder,"4",Tanout,Tanout,"423",17796709.339499998837709,"1","121","466085","164744",8.684683000000000,14.901433000000001,./0.png
7.453282,15.221345,"3343","3",NRD,"16",Sahelo_Saharienne,"2",Zinder,"4",Belbedji,Tarka,"423",15704308.772099999710917,"2","122","333871","168339",7.453282000000000,15.221344999999999,./0.png
10.682221,13.833292,"4444","4",NNN,"14",Sahelo_Saharienne,"2",Zinder,"4",Goure,Goure,"424",952903688.258000016212463,"1","123","681818","152992",10.682221000000000,13.833292000000000,./0.png
10.498985,14.209131,"4344","4",DRN,"8",Sahelo_Saharienne,"2",Zinder,"4",Goure,Kelle,"424",437243005.750000000000000,"2","124","661745","157137",10.498984999999999,14.209130999999999,./0.png
10.234577,13.978475,"4445","5",NNR,"15",Sahelo_Saharienne,"2",Zinder,"4",Goure,Goure,"425",66089967.976899996399879,"1","125","633345","154569",10.234577000000000,13.978475000000000,./0.png
10.891204,14.165216,"4445","5",NNR,"15",Sahelo_Saharienne,"2",Zinder,"4",Goure,Kelle,"425",21183175.316399998962879,"2","126","704119","156682",10.891204000000000,14.165215999999999,./0.png
9.67461,14.167815,"4446","6",NNR,"15",Sahelo_Saharienne,"2",Zinder,"4",Damagaram Takaya,Moa,"426",903496.279481000034139,"1","127","572800","156639",9.674609999999999,14.167814999999999,./0.png
9.698266,14.141354,"5556","6",NNR,"15",Sahelo_Saharienne,"2",Zinder,"4",Damagaram Takaya,Moa,"426",625574.066589000052772,"2","128","575362","156347",9.698266000000000,14.141354000000000,./0.png
9.500126,14.122989,"6667","7",NNR,"15",Sahelo_Saharienne,"2",Zinder,"4",Damagaram Takaya,Damagaram Takaya,"427",486559.246295000019018,"1","129","553981","156138",9.500126000000000,14.122989000000000,./0.png
8.690053,15.003906,"4677","7",RRN,"26",Sahelo_Saharienne,"2",Zinder,"4",Tanout,Tanout,"427",484650.885675000026822,"2","130","466679","165878",8.690053000000002,15.003906000000001,./0.png
9.4615,13.377015,"4444","4",NNN,"14",Soudano_Sahelienne,"4",Zinder,"4",Magaria,Wacha,"444",26177409.448699995875359,"1","131","549970","147887",9.461499999999999,13.377015000000000,./0.png
8.520587,13.629718,"4444","4",NNN,"14",Soudano_Sahelienne,"4",Zinder,"4",Kantche,Ichirnawa,"444",11905647.300500001758337,"2","132","448145","150682",8.520587000000003,13.629718000000000,./0.png
9.380586,12.946033,"5555","5",NNN,"14",Soudano_Sahelienne,"4",Zinder,"4",Dungass,Dogo-Dogo,"445",549806746.445000052452087,"1","133","541280","143119",9.380585999999999,12.946033000000000,./0.png
8.7683,13.276532,"5555","5",NNN,"14",Soudano_Sahelienne,"4",Zinder,"4",Magaria,Bande,"445",58808747.928000003099442,"2","134","474902","146772",8.768300000000000,13.276532000000000,./0.png
8.725538,13.049189,"5556","6",NNR,"15",Soudano_Sahelienne,"4",Zinder,"4",Magaria,Yekoua,"446",91701121.079300001263618,"1","135","470243","144259",8.725538000000000,13.049189000000000,./0.png
8.513087,13.351942,"5556","6",NNR,"15",Soudano_Sahelienne,"4",Zinder,"4",Kantche,Matamey,"446",79193834.490500003099442,"2","136","447273","147610",8.513087000000002,13.351941999999999,./0.png
8.426382,13.302411,"5557","7",NNR,"15",Soudano_Sahelienne,"4",Zinder,"4",Kantche,Tsaouni,"447",11534135.029200002551079,"1","137","437871","147065",8.426382000000000,13.302410999999999,./0.png
8.636409,12.993995,"5667","7",RNR,"24",Soudano_Sahelienne,"4",Zinder,"4",Magaria,Yekoua,"447",11001612.451999999582767,"2","138","460571","143650",8.636409000000000,12.993995000000000,./0.png
